{
    "campsites": [
      {
        "name": "React Lake Campground",
        "image": "images/react-lake.jpg",
        "elevation": 1233,
        "featured": false,
        "cost": 65,
        "description": "Nestled in the foothills of the Chrome Mountains, this campground on the shores of the pristine React Lake is a favorite for fly fishers.",
        "comments": [
          {
            "rating": 5,
            "text": "What a magnificent view!",
            "author": "Tinus Lorvaldes",
            "date": "2018-10-25T16:30Z"
          },
          {
            "rating": 4,
            "text": "The campground was beautiful, but the bugs could bite sometimes.",
            "author": "Brennen Ech",
            "date": "2017-06-17T03:33Z"
          },
          {
            "rating": 5,
            "text": "I caught a world-record-breaking trout here on my last visit.",
            "author": "McKenzie Sebastian",
            "date": "2019-02-18T18:12Z"
          },
          {
            "rating": 5,
            "text": "A wonderful place to reconnect with nature.",
            "author": "Jordan Runn",
            "date": "2019-08-04T20:11Z"
          },
          {
            "rating": 4,
            "text": "The stars at night were a revelation!",
            "author": "Ann Dabramov",
            "date": "2018-07-23T19:44Z"
          }
        ]
      },
      {
        "name": "Chrome River Campground",
        "image": "images/chrome-river.jpg",
        "elevation": 877,
        "featured": false,
        "cost": 77,
        "description": "Spend a few sunny days and starry nights beneath a canopy of old-growth firs at this enchanting spot by the Chrome River.",
        "comments": [
          {
            "rating": 4,
            "text": "The campground was beautiful, but the bugs could bite sometimes.",
            "author": "Brennen Ech",
            "date": "2017-06-17T03:33Z"
          },
          {
            "rating": 5,
            "text": "I caught a world-record-breaking trout here on my last visit.",
            "author": "McKenzie Sebastian",
            "date": "2019-02-18T18:12Z"
          },
          {
            "rating": 5,
            "text": "A wonderful place to reconnect with nature.",
            "author": "Jordan Runn",
            "date": "2019-08-04T20:11Z"
          },
          {
            "rating": 4,
            "text": "The stars at night were a revelation!",
            "author": "Ann Dabramov",
            "date": "2018-07-23T19:44Z"
          },
          {
            "rating": 5,
            "text": "What a magnificent view!",
            "author": "Tinus Lorvaldes",
            "date": "2018-10-25T16:30Z"
          }
        ]
      },
      {
        "name": "Breadcrumb Trail Campground",
        "image": "images/breadcrumb-trail.jpg",
        "elevation": 2901,
        "featured": false,
        "cost": 24,
        "description": "Let NuCamp be your guide to this off-the-beaten-path, hike-in-only campground.",
        "comments": [
          {
            "rating": 5,
            "text": "I caught a world-record-breaking trout here on my last visit.",
            "author": "McKenzie Sebastian",
            "date": "2019-02-18T18:12Z"
          },
          {
            "rating": 5,
            "text": "A wonderful place to reconnect with nature.",
            "author": "Jordan Runn",
            "date": "2019-08-04T20:11Z"
          },
          {
            "rating": 4,
            "text": "The stars at night were a revelation!",
            "author": "Ann Dabramov",
            "date": "2018-07-23T19:44Z"
          },
          {
            "rating": 5,
            "text": "What a magnificent view!",
            "author": "Tinus Lorvaldes",
            "date": "2018-10-25T16:30Z"
          },
          {
            "rating": 4,
            "text": "The campground was beautiful, but the bugs could bite sometimes.",
            "author": "Brennen Ech",
            "date": "2017-06-17T03:33Z"
          }
        ]
      },
      {
        "name": "Redux Woods Campground",
        "image": "images/redux-woods.jpg",
        "elevation": 42,
        "featured": true,
        "cost": 55,
        "description": "You'll never want to leave this hidden gem, deep within the lush Redux Woods.",
        "comments": [
          {
            "rating": 5,
            "text": "A wonderful place to reconnect with nature.",
            "author": "Jordan Runn",
            "date": "2019-08-04T20:11Z"
          },
          {
            "rating": 4,
            "text": "The stars at night were a revelation!",
            "author": "Ann Dabramov",
            "date": "2018-07-23T19:44Z"
          },
          {
            "rating": 5,
            "text": "What a magnificent view!",
            "author": "Tinus Lorvaldes",
            "date": "2018-10-25T16:30Z"
          },
          {
            "rating": 4,
            "text": "The campground was beautiful, but the bugs could bite sometimes.",
            "author": "Brennen Ech",
            "date": "2017-06-17T03:33Z"
          },
          {
            "rating": 5,
            "text": "I caught a world-record-breaking trout here on my last visit.",
            "author": "McKenzie Sebastian",
            "date": "2019-02-18T18:12Z"
          }
        ]
      }
    ],
    "partners": [
      {
        "name": "Bootstrap Outfitters",
        "image": "images/bootstrap-logo.png",
        "featured": false,
        "description": "Bootstrap Outfitters supplies you with the gear you need at prices you can't beat."
      },
      {
        "name": "Git Out Expeditions",
        "image": "images/git-logo.png",
        "featured": false,
        "description": "Join Git Out Expeditions to explore new horizons with a group of other adventurers!"
      },
      {
        "name": "Mongo Fly Shop",
        "image": "images/mongo-logo.png",
        "featured": false,
        "description": "Need a new fishing pole, a tacklebox, or flies of all kinds? Stop by Mongo Fly Shop."
      },
      {
        "name": "Node Outdoor Apparel",
        "image": "images/node-logo.png",
        "featured": true,
        "description": "From polar fleeces to swimsuits, hiking boots to waders, a visit to Node will be sure to get you covered."
      }
    ],
    "promotions": [
      {
        "name": "Mountain Adventure",
        "image": "images/breadcrumb-trail.jpg",
        "featured": true,
        "cost": 1299,
        "description": "Book a 5-day mountain trek with a seasoned outdoor guide! Fly fishing equipment and lessons provided."
      }
    ],
    "feedback": []
  }